{
"textures": {
    "texture": "blue/guis/anvil_blocked"
},
"elements": [ 
{
    "from": [ -16, -16, 16 ],
    "to": [ 32, 32, 16 ],
    "faces": {
        "south": { "uv": [ 0, 5, 11, 16 ], "texture": "#texture" }
    }
}
],
"gui_light": "front",
"display": {
    "firstperson_lefthand": {
        "rotation": [ 0, 0, 0 ],
        "translation": [ 0, 0, 0 ],
        "scale": [ 0, 0, 0 ]
    },
	"ground": {
		"rotation": [ 0, 0, 0 ],
		"translation": [ 0, 0, 0 ],
		"scale": [ 0, 0, 0 ]
	},
    "gui": {
        "rotation": [ 0, 0, 0 ],
        "translation": [ 72, 29, -80 ],
        "scale": [ 3.66, 3.66, 3.66 ]
    }
}
}