{
    "parent": "item/generated",
    "textures": {
        "layer0": "item/scute"
    },
    "overrides": [
        {"predicate": {"custom_model_data": 1},"model": "blue/empty"},
        {"predicate": {"custom_model_data": 2},"model": "blue/anvil"},
        {"predicate": {"custom_model_data": 3},"model": "blue/grindstone"},
        {"predicate": {"custom_model_data": 4},"model": "blue/gui/anvil_normal"},
        {"predicate": {"custom_model_data": 5},"model": "blue/gui/anvil_blank"},
        {"predicate": {"custom_model_data": 6},"model": "blue/gui/anvil_blocked"},
        {"predicate": {"custom_model_data": 7},"model": "blue/gui/grindstone_normal"},
        {"predicate": {"custom_model_data": 8},"model": "blue/gui/grindstone_blocked"},
        {"predicate": {"custom_model_data": 9},"model": "item/emerald"},
        {"predicate": {"custom_model_data": 10},"model": "item/barrier"}
    ]
}